[
  {
    "PROVINCIA":"ESMERALDAS",
    "CENTRO DE ATENCION ":"AGENCIA ESMERALDAS",
    "DIRECCION ":"AV. DEL PACÍFICO Y PUERTO RICO, SECTOR BALNEARIO LAS PALMAS, EN LOS BAJOS DEL EDIFICIO DE FLOPEC.",
    "HORARIO":"08:00 a 17:00",
    "CONTACTO":"S\/N"
  },
  {
    "PROVINCIA":"ESMERALDAS",
    "CENTRO DE ATENCION ":"VENTANILLA UNICA ATACAMES",
    "DIRECCION ":"CALLE VÍA PRINCIPAL, DIAGONAL AL EDIFICIO DEL GAD ATACAMES. EDIFICIO DEL PATRONATO DEL CANTÓN ATACAMES.",
    "HORARIO":"Jueves, de 8:00 a 17:00",
    "CONTACTO":"1700 774 774"
  },
  {
    "PROVINCIA":"ESMERALDAS",
    "CENTRO DE ATENCION ":"VENTANILLA ÚNICA QUININDÉ",
    "DIRECCION ":"CALLE MACLOVIO VELASCO Y 24 DE MAYO. PLANTA BAJA DEL EDIFICIO DEL GAD QUININDÉ.",
    "HORARIO":"08:00 a 17:00",
    "CONTACTO":"1700 774 774"
  },
  {
    "PROVINCIA":"MANABÍ",
    "CENTRO DE ATENCION ":"CENTRO DE ATENCIÓN PORTOVIEJO",
    "DIRECCION ":"AV. 15 DE ABRIL Y CALLE LOS NARDOS, REFERENCIA VÍA SANTA ANA, ATRÁS DEL ECU 911",
    "HORARIO":"08:00 a 17:00",
    "CONTACTO":"(05) 3703800"
  },
  {
    "PROVINCIA":"MANABÍ",
    "CENTRO DE ATENCION ":"CENTRO DE ATENCIÓN MANTA",
    "DIRECCION ":"CALLE 23 Y AV. CIRCUNVALACIÓN, A LADO DEL HOTEL MAR AZÚL",
    "HORARIO":"08:00 a 17:00",
    "CONTACTO":"(05) 2621642 - (05) 2621644"
  },
  {
    "PROVINCIA":"MANABÍ",
    "CENTRO DE ATENCION ":"CENTRO DE ATENCIÓN JIPIJAPA",
    "DIRECCION ":"AVENIDA ALEJO LASCANO, KM 1 VÍA PUERTO CAYO (EDIFICIO DEL REGISTRO CIVIL, PLANTA BAJA",
    "HORARIO":"08:00 a 17:00",
    "CONTACTO":"(05) 2602414 - (05) 2602417"
  },
  {
    "PROVINCIA":"MANABÍ",
    "CENTRO DE ATENCION ":"CENTRO DE ATENCIÓN CHONE",
    "DIRECCION ":"CALLES SALINAS Y BENITO SANTOS MACAY (ESQUINA)",
    "HORARIO":"08:00 a 17:00",
    "CONTACTO":"S\/N"
  },
  {
    "PROVINCIA":"MANABÍ",
    "CENTRO DE ATENCION ":"CENTRO DE ATENCIÓN BAHÍA",
    "DIRECCION ":"Av. Rotaria y Eugenio Santos, Centro de Atención Ciudadana, planta baja.",
    "HORARIO":"08:00 a 17:00",
    "CONTACTO":"(05) 2692101 - (05) 2692102"
  },
  {
    "PROVINCIA":"MANABÍ",
    "CENTRO DE ATENCION ":"VENTANILLA ÚNICA PERDERNALES",
    "DIRECCION ":"Los Ríos entre Machala y Ambato ( Dentro del Mercado Municipal )",
    "HORARIO":"08:00 a 14:00",
    "CONTACTO":"(05) 2665125"
  },
  {
    "PROVINCIA":"MANABÍ",
    "CENTRO DE ATENCION ":"VENTANILLA ÚNICA EL CARMEN",
    "DIRECCION ":"CALLE 4 DE DICIEMBRE ENTRE SALUSTIO GILER Y ELOY ALFARO (FRENTE A CRÉDITOS ROMARIO)",
    "HORARIO":"08:00 a 17:00",
    "CONTACTO":"(05) 2660347"
  },
  {
    "PROVINCIA":"SANTA ELENA",
    "CENTRO DE ATENCION ":"CENTRO DE ATENCIÓN LIBERTAD",
    "DIRECCION ":"AV. 9 DE OCTUBRE 451 Y JOSUE ROBLES BODERO",
    "HORARIO":"08:00 a 17:00",
    "CONTACTO":"(04) 2782800 (04) 2786400"
  },
  {
    "PROVINCIA":"SANTO DOMINGO",
    "CENTRO DE ATENCION ":"CENTRO DE ATENCIÓN SANTO DOMINGO",
    "DIRECCION ":"AV. QUITO 1486 Y LOS NARANJOS (FRENTE AL IESS)",
    "HORARIO":"08:00 a 17:00",
    "CONTACTO":"(02) 2743407 - (02) 2743406"
  },
  {
    "PROVINCIA":"SANTO DOMINGO",
    "CENTRO DE ATENCION ":"VENTANILLA ÚNICA LA CONCORDIA",
    "DIRECCION ":"CALLES ATAHUALPA Y CARCHI ESQUINA. BLOQUE 1 DEL MERCADO MUNICIPAL DEL CANTÓN LA CONCORDIA. PLANTA BAJA EXTERNA",
    "HORARIO":"08:00 a 17:00",
    "CONTACTO":"S\/N"
  },
  {
    "PROVINCIA":"LOS RÍOS",
    "CENTRO DE ATENCION ":"CENTRO DE ATENCIÓN BABAHOYO",
    "DIRECCION ":"AV. ENRIQUE PONCE LUQUE Y AV. 25 DE JUNIO",
    "HORARIO":"08:00 a 17:00",
    "CONTACTO":"(05) 202- 5122 - (05) 202-5088"
  },
  {
    "PROVINCIA":"LOS RÍOS",
    "CENTRO DE ATENCION ":"CENTRO DE ATENCIÓN QUEVEDO",
    "DIRECCION ":"CALLE BOLÍVAR Y CUARTA ESQ. (DIAGONAL AL BANCO DE MACHALA)",
    "HORARIO":"08:00 a 17:00",
    "CONTACTO":"(05) 2750246 EXT.: 6751"
  },
  {
    "PROVINCIA":"GUAYAS",
    "CENTRO DE ATENCION ":"CENTRO DE ATENCIÓN WORLD TRADE CENTER",
    "DIRECCION ":"AV. FRANCISCO DE ORELLANA Y JUSTINO CORNEJO",
    "HORARIO":"08:00 a 17:00",
    "CONTACTO":"(04) 3805-970"
  },
  {
    "PROVINCIA":"GUAYAS",
    "CENTRO DE ATENCION ":"CENTRO DE ATENCIÓN CENTENARIO",
    "DIRECCION ":"ROSA BORJA DE ICAZA Y CHAMBERS ESQUINA",
    "HORARIO":"08:00 a 17:00",
    "CONTACTO":"(04) 2440-471"
  },
  {
    "PROVINCIA":"GUAYAS",
    "CENTRO DE ATENCION ":"CENTRO DE ATENCIÓN CENTRO",
    "DIRECCION ":"AV. 9 DE OCTUBRE Y PICHINCHA, EDIFICIO DEL BANCO CENTRAL. PLANTA BAJA ",
    "HORARIO":"08:30 a 17:00",
    "CONTACTO":"(04) 2569-302"
  },
  {
    "PROVINCIA":"GUAYAS",
    "CENTRO DE ATENCION ":"CENTRO DE ATENCIÓN MILAGRO",
    "DIRECCION ":"AV. CRISTOBAL COLÓN Y 17 DE SEPTIEMBRE",
    "HORARIO":"08:00 a 17:00",
    "CONTACTO":"(04) 3805-120"
  },
  {
    "PROVINCIA":"GUAYAS",
    "CENTRO DE ATENCION ":"VENTANILLA ÚNICA DE DAULE",
    "DIRECCION ":"PADRE AGUIRRE Y SUCRE ESQUINA. PB MUNICIPIO DE DAULE, DIAGONAL A EXPREG S.A",
    "HORARIO":"08:00 a 17:00",
    "CONTACTO":1700774774
  },
  {
    "PROVINCIA":"EL ORO",
    "CENTRO DE ATENCION ":"CENTRO DE ATENCIÓN MACHALA",
    "DIRECCION ":"AV. 25 DE JUNIO KM 1 1\/2 VÍA A PASAJE",
    "HORARIO":"08:00 a 17:00",
    "CONTACTO":"(07) 2985370"
  },
  {
    "PROVINCIA":"EL ORO",
    "CENTRO DE ATENCION ":"VENTANILLA ÚNICA SANTA ROSA",
    "DIRECCION ":"CALLE COLÓN ENTRE AV. EL ORO Y 30 DE AGOSTO",
    "HORARIO":"08:00 a 17:00",
    "CONTACTO":"(07) 2944072"
  },
  {
    "PROVINCIA":"EL ORO",
    "CENTRO DE ATENCION ":"VENTANILLA ÚNICA PIÑAS",
    "DIRECCION ":"AV. INDEPENDENCIA 3204 Y QUITO",
    "HORARIO":"08:00 a 17:00",
    "CONTACTO":"(07) 2976821"
  },
  {
    "PROVINCIA":"EL ORO",
    "CENTRO DE ATENCION ":"VENTANILLA ÚNICA HUAQUILLAS",
    "DIRECCION ":"AV. REPÚBLICA Y SUCRE",
    "HORARIO":"08:00 a 17:00",
    "CONTACTO":"(07) 2511673"
  },
  {
    "PROVINCIA":"GALÁPAGOS",
    "CENTRO DE ATENCION ":"CENTRO DE ATENCIÓN SANTA CRUZ",
    "DIRECCION ":"SAN CRISTÓBAL Y GENERAL RODRÍGUEZ LARA",
    "HORARIO":"07:30 a 16:30",
    "CONTACTO":"(05) 2526968 - (05) 2527516"
  },
  {
    "PROVINCIA":"GALÁPAGOS",
    "CENTRO DE ATENCION ":"CENTRO DE ATENCIÓN SAN CRISTOBAL",
    "DIRECCION ":"ALSACIO NORTHIA Y MANUEL J. COBOS, JUNTO A LA IGLESIA LA INMACULADA",
    "HORARIO":"07:30 a 16:30",
    "CONTACTO":"(05) 2520128 - (05) 2520011"
  },
  {
    "PROVINCIA":"CARCHI",
    "CENTRO DE ATENCION ":"CENTRO DE ATENCIÓN TULCÁN",
    "DIRECCION ":"AV. CORAL S\/N ENTRE PANAMÁ Y VENEZUELA (FRENTE AL PARQUE AYORA)",
    "HORARIO":"08:00 a 17:00",
    "CONTACTO":"(06) 2980307 - (06) 2983758"
  },
  {
    "PROVINCIA":"IMBABURA",
    "CENTRO DE ATENCION ":"CENTRO DE ATENCIÓN IBARRA",
    "DIRECCION ":"FLORES 6-59 ENTRE BOLÍVAR Y SUCRE",
    "HORARIO":"08:00 a 17:00",
    "CONTACTO":"(06) 2955031 - (06) 2957045"
  },
  {
    "PROVINCIA":"IMBABURA",
    "CENTRO DE ATENCION ":"VENTANILLA ÚNICA OTAVALO",
    "DIRECCION ":"GARCÍA MORENO ENTRE BOLÍVAR Y SUCRE (MUNICIPIO DE OTAVALO)",
    "HORARIO":"08:00 a 17:00",
    "CONTACTO":"(06) 2923223"
  },
  {
    "PROVINCIA":"PICHINCHA",
    "CENTRO DE ATENCION ":"CENTRO DE ATENCIÓN PLATAFORMA GUBERNAMENTAL DE GESTIÓN FINANCIERA",
    "DIRECCION ":"AV. AMAZONAS ENTRE UNIÓN NACIONAL DE PERIODISTAS Y JÓSE VILLALENGUA.",
    "HORARIO":"08:00 a 17:00",
    "CONTACTO":"(02) 3936-300"
  },
  {
    "PROVINCIA":"PICHINCHA",
    "CENTRO DE ATENCION ":"CENTRO DE ATENCIÓN SALINAS Y SANTIAGO",
    "DIRECCION ":"SALINAS N17-203 Y SANTIAGO, EDIF. ALHAMBRA",
    "HORARIO":"08:00 a 17:00",
    "CONTACTO":"(02) 2978-700"
  },
  {
    "PROVINCIA":"PICHINCHA",
    "CENTRO DE ATENCION ":"CENTRO DE ATENCIÓN QUITO NORTE",
    "DIRECCION ":"AV. GALO PLAZA LASSO N58-162 Y AV. LUIS TUFIÑO",
    "HORARIO":"08:00 a 17:00",
    "CONTACTO":"(02) 2471-282"
  },
  {
    "PROVINCIA":"PICHINCHA",
    "CENTRO DE ATENCION ":"CENTRO DE ATENCIÓN AGENCIA QUITO SUR",
    "DIRECCION ":"PLATAFORMA GUBERNAMENTAL DE DESARROLLO SOCIAL (SUR) AV. QUITUMBE ÑAN Y AV. AMARU ÑAN - BLOQUE B - PLANTA BAJA",
    "HORARIO":"08:00 a 17:00",
    "CONTACTO":"(02)2549-182 - (02)2542-690"
  },
  {
    "PROVINCIA":"PICHINCHA",
    "CENTRO DE ATENCION ":"CENTRO DE ATENCIÓN TUMBACO",
    "DIRECCION ":"OSWALDO GUAYASAMÍN Y ARZOBISPO GONZÁLEZ SUÁREZ C.C VENTURA MALL LOCALES 22A 22B",
    "HORARIO":"08:00 a 17:00",
    "CONTACTO":"(02) 2379-178"
  },
  {
    "PROVINCIA":"PICHINCHA",
    "CENTRO DE ATENCION ":"CENTRO DE ATENCIÓN SANGOLQUÍ",
    "DIRECCION ":"AV. LUIS CORDERO 377 Y AV. GENERAL ENRÍQUEZ, CENTRO COMERCIAL RIVER MALL LOCAL 1 - LG1 SUBSUELO 2",
    "HORARIO":"08:00 a 17:00",
    "CONTACTO":"(02) 2330-956"
  },
  {
    "PROVINCIA":"COTOPAXI",
    "CENTRO DE ATENCION ":"CENTRO DE ATENCIÓN LATACUNGA",
    "DIRECCION ":"SÁNCHEZ DE ORELLANA 1568 Y PADRE SALCEDO",
    "HORARIO":"08:00 a 17:00",
    "CONTACTO":"(03)2810170"
  },
  {
    "PROVINCIA":"COTOPAXI",
    "CENTRO DE ATENCION ":"CENTRO DE ATENCIÓN LA MANÁ",
    "DIRECCION ":"GONZALO ALBARRACÍN Y SAN PABLO",
    "HORARIO":"08:00 a 17:00",
    "CONTACTO":"(03) 2696 334"
  },
  {
    "PROVINCIA":"TUNGURAHUA",
    "CENTRO DE ATENCION ":"CENTRO DE ATENCIÓN ZONAL AMBATO",
    "DIRECCION ":"BOLÍVAR 15-60 ENTRE MARTÍNEZ Y LALAMA",
    "HORARIO":"08:00 a 17:00",
    "CONTACTO":"(03) 2422240"
  },
  {
    "PROVINCIA":"TUNGURAHUA",
    "CENTRO DE ATENCION ":"CENTRO DE ATENCIÓN AMBATO SUR",
    "DIRECCION ":"V. MANUELITA SÁENZ Y FRANCISCO DE GOYA",
    "HORARIO":"08:00 a 17:00",
    "CONTACTO":"(03) 2413715 - (03) 2414602 - (03) 2412797"
  },
  {
    "PROVINCIA":"BOLÍVAR",
    "CENTRO DE ATENCION ":"CENTRO DE ATENCIÓN GUARANDA",
    "DIRECCION ":"CALLE GARCÍA MORENO Y 7 DE MAYO",
    "HORARIO":"08:00 a 17:00",
    "CONTACTO":"(03 2550733 - (03) 2550734 - (03) 2550636 - (03) 2550605"
  },
  {
    "PROVINCIA":"CHIMBORAZO",
    "CENTRO DE ATENCION ":"CENTRO DE ATENCIÓN RIOBAMBA",
    "DIRECCION ":"CALLE PRIMERA CONSTITUYENTE Y EUGENIO ESPEJO",
    "HORARIO":"08:00 a 17:00",
    "CONTACTO":"(03) 2942429"
  },
  {
    "PROVINCIA":"CAÑAR",
    "CENTRO DE ATENCION ":"CENTRO DE ATENCIÓN AZOGUES",
    "DIRECCION ":"CALLE BARTOLOME SERRANO 7-14 ENTRE BENIGNO MALO Y JULIO MARÍA MATOVELLE",
    "HORARIO":"08:00 a 17:00",
    "CONTACTO":"(07)2240124 - (07)2240147"
  },
  {
    "PROVINCIA":"CAÑAR",
    "CENTRO DE ATENCION ":"VENTANILLA ÚNICA CAÑAR",
    "DIRECCION ":"CALLE BOLIVAR QUEZADA Y UNIÓN OCCIDENTAL",
    "HORARIO":"08:00 a 17:00",
    "CONTACTO":"(07)2236955"
  },
  {
    "PROVINCIA":"CAÑAR",
    "CENTRO DE ATENCION ":"CENTRO DE ATENCIÓN LA TRONCAL",
    "DIRECCION ":"CALLE HEROES DE VERDELOMA Y AV. 25 DE AGOSTO",
    "HORARIO":"08:00 a 17:00",
    "CONTACTO":"(07) 2423472 - (07) 2423473"
  },
  {
    "PROVINCIA":"AZUAY",
    "CENTRO DE ATENCION ":"CENTRO DE ATENCIÓN CUENCA",
    "DIRECCION ":"AV. REMIGIO CRESPO TORAL 5-28 Y LORENZO PIEDRA",
    "HORARIO":"08:00 a 17:00",
    "CONTACTO":"(07) 2887-777"
  },
  {
    "PROVINCIA":"LOJA",
    "CENTRO DE ATENCION ":"CENTRO DE ATENCIÓN LOJA",
    "DIRECCION ":"BERNARDO VALDIVIESO 8-54 ENTRE ROCAFUERTE Y 10 DE AGOSTO",
    "HORARIO":"08:00 a 17:00",
    "CONTACTO":"(07) 2571012"
  },
  {
    "PROVINCIA":"LOJA",
    "CENTRO DE ATENCION ":"VENTANILLA ÚNICA CARIAMANGA",
    "DIRECCION ":"VELASCO IBARRA Y 18 DE NOVIEMBRE - REFERENCIA A 10 METROS DE LA COOPERATIVA PADRE JULIAN LORENTE",
    "HORARIO":"08:00 a 17:00",
    "CONTACTO":"(07) 2687385"
  },
  {
    "PROVINCIA":"SUCUMBÍOS",
    "CENTRO DE ATENCION ":"CENTRO DE ATENCIÓN NUEVA LOJA",
    "DIRECCION ":"AV. ELOY ALFARO 908 ENTRE PROGRESO Y AV. DEL CHOFER (ATRÁS DEL COLEGIO DE INGENIEROS)",
    "HORARIO":"08:00 a 17:00",
    "CONTACTO":"(06) 2832111 - (06) 2832165"
  },
  {
    "PROVINCIA":"SUCUMBÍOS",
    "CENTRO DE ATENCION ":"VENTANILLA ÚNICA SHUSHUFINDI",
    "DIRECCION ":"AV. UNIDAD NACIONAL ENTRE COLOMBIA Y SIONA, EDIFICIO DEL MEGAMERCADO DE SHUSHUFINDI, SEGUNDA PLANTA, OFICINA 141",
    "HORARIO":"08:00 a 17:00",
    "CONTACTO":"(06) 2121144"
  },
  {
    "PROVINCIA":"NAPO",
    "CENTRO DE ATENCION ":"CENTRO DE ATENCIÓN TENA",
    "DIRECCION ":"AV. 15 DE NOVIEMBRE Y DÍAZ DE PINEDA",
    "HORARIO":"08:00 a 17:00",
    "CONTACTO":"(06) 2886229 - (06) 2887987 - (06) 2887965"
  },
  {
    "PROVINCIA":"ORELLANA",
    "CENTRO DE ATENCION ":"CENTRO DE ATENCIÓN EL COCA",
    "DIRECCION ":"CALLE CHIMBORAZO Y QUITO",
    "HORARIO":"08:00 a 17:00",
    "CONTACTO":"(06) 2860666 - (06) 2860822 - (06) 2860890"
  },
  {
    "PROVINCIA":"PASTAZA",
    "CENTRO DE ATENCION ":"CENTRO DE ATENCIÓN PUYO",
    "DIRECCION ":"9 DE OCTUBRE Y CESLAO MARÍN ESQUINA",
    "HORARIO":"08:00 a 17:00",
    "CONTACTO":"(03)2880014 - (03)2880024 - (03)2880029"
  },
  {
    "PROVINCIA":"MORONA SANTIAGO",
    "CENTRO DE ATENCION ":"CENTRO DE ATENCIÓN MACAS",
    "DIRECCION ":"AV. 24 DE MAYO Y GABINO RIVADENEIRA, ESQUINA",
    "HORARIO":"08:00 a 17:00",
    "CONTACTO":"(07) 2700138 - (07) 2701559"
  },
  {
    "PROVINCIA":"ZAMORA CHINCHIPE",
    "CENTRO DE ATENCION ":"CENTRO DE ATENCIÓN ZAMORA",
    "DIRECCION ":"AV. DEL EJÉRCITO S\/N Y JOSÉ ORELLANA ESQUINA",
    "HORARIO":"08:00 a 17:00",
    "CONTACTO":"(07) 2605004"
  },
  {
    "PROVINCIA":"ZAMORA CHINCHIPE",
    "CENTRO DE ATENCION ":"VENTANILLA ÚNICA YANTZAZA",
    "DIRECCION ":"CALLE ZAMORA S\/N Y ARMANDO ARIAS",
    "HORARIO":"Lunes de 09:00 a 16:00",
    "CONTACTO":"(07) 2300027"
  }
]